Sum Range ID,Index 1,MODEL_YEARS,Multiplier
Generic_PGE_North_500_HSN,Generic_PGE_North_500_group,2035,-1.0
Generic_PGE_North_500_offpeak,Central_Valley_North_Los_Banos_Wind_125_Generic,2035,0.44
Generic_PGE_North_500_offpeak,Central_Valley_North_Los_Banos_Wind_154_Generic,2035,0.44
Generic_PGE_North_500_offpeak,Central_Valley_North_Los_Banos_Wind_162_Generic,2035,0.44
Generic_PGE_North_500_offpeak,Central_Valley_North_Los_Banos_Wind_17_Generic,2035,0.44
Generic_PGE_North_500_offpeak,Northern_California_Biomass_5_Generic,2035,1.0
Generic_PGE_North_500_offpeak,Northern_California_Flow_Battery_100_Generic,2035,-1.0
Generic_PGE_North_500_offpeak,Northern_California_Flow_Battery_112_Generic,2035,-1.0
Generic_PGE_North_500_offpeak,Northern_California_Flow_Battery_113_Generic,2035,-1.0
Generic_PGE_North_500_offpeak,Northern_California_Flow_Battery_114_Generic,2035,-1.0
Generic_PGE_North_500_offpeak,Northern_California_Flow_Battery_116_Generic,2035,-1.0
Generic_PGE_North_500_offpeak,Northern_California_Flow_Battery_121_Generic,2035,-1.0
Generic_PGE_North_500_offpeak,Northern_California_Flow_Battery_122_Generic,2035,-1.0
Generic_PGE_North_500_offpeak,Northern_California_Flow_Battery_126_Generic,2035,-1.0
Generic_PGE_North_500_offpeak,Northern_California_Flow_Battery_127_Generic,2035,-1.0
Generic_PGE_North_500_offpeak,Northern_California_Flow_Battery_132_Generic,2035,-1.0
Generic_PGE_North_500_offpeak,Northern_California_Flow_Battery_135_Generic,2035,-1.0
Generic_PGE_North_500_offpeak,Northern_California_Flow_Battery_138_Generic,2035,-1.0
Generic_PGE_North_500_offpeak,Northern_California_Flow_Battery_141_Generic,2035,-1.0
Generic_PGE_North_500_offpeak,Northern_California_Flow_Battery_144_Generic,2035,-1.0
Generic_PGE_North_500_offpeak,Northern_California_Flow_Battery_149_Generic,2035,-1.0
Generic_PGE_North_500_offpeak,Northern_California_Flow_Battery_150_Generic,2035,-1.0
Generic_PGE_North_500_offpeak,Northern_California_Flow_Battery_155_Generic,2035,-1.0
Generic_PGE_North_500_offpeak,Northern_California_Flow_Battery_157_Generic,2035,-1.0
Generic_PGE_North_500_offpeak,Northern_California_Flow_Battery_158_Generic,2035,-1.0
Generic_PGE_North_500_offpeak,Northern_California_Flow_Battery_159_Generic,2035,-1.0
Generic_PGE_North_500_offpeak,Northern_California_Flow_Battery_166_Generic,2035,-1.0
Generic_PGE_North_500_offpeak,Northern_California_Flow_Battery_172_Generic,2035,-1.0
Generic_PGE_North_500_offpeak,Northern_California_Flow_Battery_178_Generic,2035,-1.0
Generic_PGE_North_500_offpeak,Northern_California_Flow_Battery_179_Generic,2035,-1.0
Generic_PGE_North_500_offpeak,Northern_California_Flow_Battery_180_Generic,2035,-1.0
Generic_PGE_North_500_offpeak,Northern_California_Flow_Battery_25_Generic,2035,-1.0
Generic_PGE_North_500_offpeak,Northern_California_Flow_Battery_26_Generic,2035,-1.0
Generic_PGE_North_500_offpeak,Northern_California_Flow_Battery_29_Generic,2035,-1.0
Generic_PGE_North_500_offpeak,Northern_California_Flow_Battery_31_Generic,2035,-1.0
Generic_PGE_North_500_offpeak,Northern_California_Flow_Battery_35_Generic,2035,-1.0
Generic_PGE_North_500_offpeak,Northern_California_Flow_Battery_38_Generic,2035,-1.0
Generic_PGE_North_500_offpeak,Northern_California_Flow_Battery_41_Generic,2035,-1.0
Generic_PGE_North_500_offpeak,Northern_California_Flow_Battery_44_Generic,2035,-1.0
Generic_PGE_North_500_offpeak,Northern_California_Flow_Battery_5_Generic,2035,-1.0
Generic_PGE_North_500_offpeak,Northern_California_Flow_Battery_51_Generic,2035,-1.0
Generic_PGE_North_500_offpeak,Northern_California_Flow_Battery_57_Generic,2035,-1.0
Generic_PGE_North_500_offpeak,Northern_California_Flow_Battery_68_Generic,2035,-1.0
Generic_PGE_North_500_offpeak,Northern_California_Flow_Battery_70_Generic,2035,-1.0
Generic_PGE_North_500_offpeak,Northern_California_Flow_Battery_73_Generic,2035,-1.0
Generic_PGE_North_500_offpeak,Northern_California_Flow_Battery_76_Generic,2035,-1.0
Generic_PGE_North_500_offpeak,Northern_California_Flow_Battery_80_Generic,2035,-1.0
Generic_PGE_North_500_offpeak,Northern_California_Flow_Battery_82_Generic,2035,-1.0
Generic_PGE_North_500_offpeak,Northern_California_Flow_Battery_83_Generic,2035,-1.0
Generic_PGE_North_500_offpeak,Northern_California_Flow_Battery_84_Generic,2035,-1.0
Generic_PGE_North_500_offpeak,Northern_California_Flow_Battery_85_Generic,2035,-1.0
Generic_PGE_North_500_offpeak,Northern_California_Flow_Battery_92_Generic,2035,-1.0
Generic_PGE_North_500_offpeak,Northern_California_Flow_Battery_94_Generic,2035,-1.0
Generic_PGE_North_500_offpeak,Northern_California_Flow_Battery_96_Generic,2035,-1.0
Generic_PGE_North_500_offpeak,Northern_California_Geothermal_100_Generic,2035,1.0
Generic_PGE_North_500_offpeak,Northern_California_Geothermal_35_Generic,2035,1.0
Generic_PGE_North_500_offpeak,Northern_California_Geothermal_5_Generic,2035,1.0
Generic_PGE_North_500_offpeak,Northern_California_Geothermal_70_Generic,2035,1.0
Generic_PGE_North_500_offpeak,Northern_California_Li_Battery_4hr_100_Generic,2035,-1.0
Generic_PGE_North_500_offpeak,Northern_California_Li_Battery_4hr_112_Generic,2035,-1.0
Generic_PGE_North_500_offpeak,Northern_California_Li_Battery_4hr_113_Generic,2035,-1.0
Generic_PGE_North_500_offpeak,Northern_California_Li_Battery_4hr_114_Generic,2035,-1.0
Generic_PGE_North_500_offpeak,Northern_California_Li_Battery_4hr_116_Generic,2035,-1.0
Generic_PGE_North_500_offpeak,Northern_California_Li_Battery_4hr_121_Generic,2035,-1.0
Generic_PGE_North_500_offpeak,Northern_California_Li_Battery_4hr_122_Generic,2035,-1.0
Generic_PGE_North_500_offpeak,Northern_California_Li_Battery_4hr_126_Generic,2035,-1.0
Generic_PGE_North_500_offpeak,Northern_California_Li_Battery_4hr_127_Generic,2035,-1.0
Generic_PGE_North_500_offpeak,Northern_California_Li_Battery_4hr_132_Generic,2035,-1.0
Generic_PGE_North_500_offpeak,Northern_California_Li_Battery_4hr_135_Generic,2035,-1.0
Generic_PGE_North_500_offpeak,Northern_California_Li_Battery_4hr_138_Generic,2035,-1.0
Generic_PGE_North_500_offpeak,Northern_California_Li_Battery_4hr_141_Generic,2035,-1.0
Generic_PGE_North_500_offpeak,Northern_California_Li_Battery_4hr_144_Generic,2035,-1.0
Generic_PGE_North_500_offpeak,Northern_California_Li_Battery_4hr_149_Generic,2035,-1.0
Generic_PGE_North_500_offpeak,Northern_California_Li_Battery_4hr_150_Generic,2035,-1.0
Generic_PGE_North_500_offpeak,Northern_California_Li_Battery_4hr_155_Generic,2035,-1.0
Generic_PGE_North_500_offpeak,Northern_California_Li_Battery_4hr_157_Generic,2035,-1.0
Generic_PGE_North_500_offpeak,Northern_California_Li_Battery_4hr_158_Generic,2035,-1.0
Generic_PGE_North_500_offpeak,Northern_California_Li_Battery_4hr_159_Generic,2035,-1.0
Generic_PGE_North_500_offpeak,Northern_California_Li_Battery_4hr_166_Generic,2035,-1.0
Generic_PGE_North_500_offpeak,Northern_California_Li_Battery_4hr_172_Generic,2035,-1.0
Generic_PGE_North_500_offpeak,Northern_California_Li_Battery_4hr_178_Generic,2035,-1.0
Generic_PGE_North_500_offpeak,Northern_California_Li_Battery_4hr_179_Generic,2035,-1.0
Generic_PGE_North_500_offpeak,Northern_California_Li_Battery_4hr_180_Generic,2035,-1.0
Generic_PGE_North_500_offpeak,Northern_California_Li_Battery_4hr_25_Generic,2035,-1.0
Generic_PGE_North_500_offpeak,Northern_California_Li_Battery_4hr_26_Generic,2035,-1.0
Generic_PGE_North_500_offpeak,Northern_California_Li_Battery_4hr_29_Generic,2035,-1.0
Generic_PGE_North_500_offpeak,Northern_California_Li_Battery_4hr_31_Generic,2035,-1.0
Generic_PGE_North_500_offpeak,Northern_California_Li_Battery_4hr_35_Generic,2035,-1.0
Generic_PGE_North_500_offpeak,Northern_California_Li_Battery_4hr_38_Generic,2035,-1.0
Generic_PGE_North_500_offpeak,Northern_California_Li_Battery_4hr_41_Generic,2035,-1.0
Generic_PGE_North_500_offpeak,Northern_California_Li_Battery_4hr_44_Generic,2035,-1.0
Generic_PGE_North_500_offpeak,Northern_California_Li_Battery_4hr_5_Generic,2035,-1.0
Generic_PGE_North_500_offpeak,Northern_California_Li_Battery_4hr_51_Generic,2035,-1.0
Generic_PGE_North_500_offpeak,Northern_California_Li_Battery_4hr_57_Generic,2035,-1.0
Generic_PGE_North_500_offpeak,Northern_California_Li_Battery_4hr_68_Generic,2035,-1.0
Generic_PGE_North_500_offpeak,Northern_California_Li_Battery_4hr_70_Generic,2035,-1.0
Generic_PGE_North_500_offpeak,Northern_California_Li_Battery_4hr_73_Generic,2035,-1.0
Generic_PGE_North_500_offpeak,Northern_California_Li_Battery_4hr_76_Generic,2035,-1.0
Generic_PGE_North_500_offpeak,Northern_California_Li_Battery_4hr_80_Generic,2035,-1.0
Generic_PGE_North_500_offpeak,Northern_California_Li_Battery_4hr_82_Generic,2035,-1.0
Generic_PGE_North_500_offpeak,Northern_California_Li_Battery_4hr_83_Generic,2035,-1.0
Generic_PGE_North_500_offpeak,Northern_California_Li_Battery_4hr_84_Generic,2035,-1.0
Generic_PGE_North_500_offpeak,Northern_California_Li_Battery_4hr_85_Generic,2035,-1.0
Generic_PGE_North_500_offpeak,Northern_California_Li_Battery_4hr_92_Generic,2035,-1.0
Generic_PGE_North_500_offpeak,Northern_California_Li_Battery_4hr_94_Generic,2035,-1.0
Generic_PGE_North_500_offpeak,Northern_California_Li_Battery_4hr_96_Generic,2035,-1.0
Generic_PGE_North_500_offpeak,Northern_California_Li_Battery_8hr_100_Generic,2035,-1.0
Generic_PGE_North_500_offpeak,Northern_California_Li_Battery_8hr_112_Generic,2035,-1.0
Generic_PGE_North_500_offpeak,Northern_California_Li_Battery_8hr_113_Generic,2035,-1.0
Generic_PGE_North_500_offpeak,Northern_California_Li_Battery_8hr_114_Generic,2035,-1.0
Generic_PGE_North_500_offpeak,Northern_California_Li_Battery_8hr_116_Generic,2035,-1.0
Generic_PGE_North_500_offpeak,Northern_California_Li_Battery_8hr_121_Generic,2035,-1.0
Generic_PGE_North_500_offpeak,Northern_California_Li_Battery_8hr_122_Generic,2035,-1.0
Generic_PGE_North_500_offpeak,Northern_California_Li_Battery_8hr_126_Generic,2035,-1.0
Generic_PGE_North_500_offpeak,Northern_California_Li_Battery_8hr_127_Generic,2035,-1.0
Generic_PGE_North_500_offpeak,Northern_California_Li_Battery_8hr_132_Generic,2035,-1.0
Generic_PGE_North_500_offpeak,Northern_California_Li_Battery_8hr_135_Generic,2035,-1.0
Generic_PGE_North_500_offpeak,Northern_California_Li_Battery_8hr_138_Generic,2035,-1.0
Generic_PGE_North_500_offpeak,Northern_California_Li_Battery_8hr_141_Generic,2035,-1.0
Generic_PGE_North_500_offpeak,Northern_California_Li_Battery_8hr_144_Generic,2035,-1.0
Generic_PGE_North_500_offpeak,Northern_California_Li_Battery_8hr_149_Generic,2035,-1.0
Generic_PGE_North_500_offpeak,Northern_California_Li_Battery_8hr_150_Generic,2035,-1.0
Generic_PGE_North_500_offpeak,Northern_California_Li_Battery_8hr_155_Generic,2035,-1.0
Generic_PGE_North_500_offpeak,Northern_California_Li_Battery_8hr_157_Generic,2035,-1.0
Generic_PGE_North_500_offpeak,Northern_California_Li_Battery_8hr_158_Generic,2035,-1.0
Generic_PGE_North_500_offpeak,Northern_California_Li_Battery_8hr_159_Generic,2035,-1.0
Generic_PGE_North_500_offpeak,Northern_California_Li_Battery_8hr_166_Generic,2035,-1.0
Generic_PGE_North_500_offpeak,Northern_California_Li_Battery_8hr_172_Generic,2035,-1.0
Generic_PGE_North_500_offpeak,Northern_California_Li_Battery_8hr_178_Generic,2035,-1.0
Generic_PGE_North_500_offpeak,Northern_California_Li_Battery_8hr_179_Generic,2035,-1.0
Generic_PGE_North_500_offpeak,Northern_California_Li_Battery_8hr_180_Generic,2035,-1.0
Generic_PGE_North_500_offpeak,Northern_California_Li_Battery_8hr_25_Generic,2035,-1.0
Generic_PGE_North_500_offpeak,Northern_California_Li_Battery_8hr_26_Generic,2035,-1.0
Generic_PGE_North_500_offpeak,Northern_California_Li_Battery_8hr_29_Generic,2035,-1.0
Generic_PGE_North_500_offpeak,Northern_California_Li_Battery_8hr_31_Generic,2035,-1.0
Generic_PGE_North_500_offpeak,Northern_California_Li_Battery_8hr_35_Generic,2035,-1.0
Generic_PGE_North_500_offpeak,Northern_California_Li_Battery_8hr_38_Generic,2035,-1.0
Generic_PGE_North_500_offpeak,Northern_California_Li_Battery_8hr_41_Generic,2035,-1.0
Generic_PGE_North_500_offpeak,Northern_California_Li_Battery_8hr_44_Generic,2035,-1.0
Generic_PGE_North_500_offpeak,Northern_California_Li_Battery_8hr_5_Generic,2035,-1.0
Generic_PGE_North_500_offpeak,Northern_California_Li_Battery_8hr_51_Generic,2035,-1.0
Generic_PGE_North_500_offpeak,Northern_California_Li_Battery_8hr_57_Generic,2035,-1.0
Generic_PGE_North_500_offpeak,Northern_California_Li_Battery_8hr_68_Generic,2035,-1.0
Generic_PGE_North_500_offpeak,Northern_California_Li_Battery_8hr_70_Generic,2035,-1.0
Generic_PGE_North_500_offpeak,Northern_California_Li_Battery_8hr_73_Generic,2035,-1.0
Generic_PGE_North_500_offpeak,Northern_California_Li_Battery_8hr_76_Generic,2035,-1.0
Generic_PGE_North_500_offpeak,Northern_California_Li_Battery_8hr_80_Generic,2035,-1.0
Generic_PGE_North_500_offpeak,Northern_California_Li_Battery_8hr_82_Generic,2035,-1.0
Generic_PGE_North_500_offpeak,Northern_California_Li_Battery_8hr_83_Generic,2035,-1.0
Generic_PGE_North_500_offpeak,Northern_California_Li_Battery_8hr_84_Generic,2035,-1.0
Generic_PGE_North_500_offpeak,Northern_California_Li_Battery_8hr_85_Generic,2035,-1.0
Generic_PGE_North_500_offpeak,Northern_California_Li_Battery_8hr_92_Generic,2035,-1.0
Generic_PGE_North_500_offpeak,Northern_California_Li_Battery_8hr_94_Generic,2035,-1.0
Generic_PGE_North_500_offpeak,Northern_California_Li_Battery_8hr_96_Generic,2035,-1.0
Generic_PGE_North_500_offpeak,Northern_California_Pumped_Storage_5_Generic,2035,-1.0
Generic_PGE_North_500_offpeak,Northern_California_Solar_100_Generic,2035,0.79
Generic_PGE_North_500_offpeak,Northern_California_Solar_112_Generic,2035,0.79
Generic_PGE_North_500_offpeak,Northern_California_Solar_113_Generic,2035,0.79
Generic_PGE_North_500_offpeak,Northern_California_Solar_114_Generic,2035,0.79
Generic_PGE_North_500_offpeak,Northern_California_Solar_116_Generic,2035,0.79
Generic_PGE_North_500_offpeak,Northern_California_Solar_121_Generic,2035,0.79
Generic_PGE_North_500_offpeak,Northern_California_Solar_122_Generic,2035,0.79
Generic_PGE_North_500_offpeak,Northern_California_Solar_126_Generic,2035,0.79
Generic_PGE_North_500_offpeak,Northern_California_Solar_127_Generic,2035,0.79
Generic_PGE_North_500_offpeak,Northern_California_Solar_132_Generic,2035,0.79
Generic_PGE_North_500_offpeak,Northern_California_Solar_135_Generic,2035,0.79
Generic_PGE_North_500_offpeak,Northern_California_Solar_138_Generic,2035,0.79
Generic_PGE_North_500_offpeak,Northern_California_Solar_141_Generic,2035,0.79
Generic_PGE_North_500_offpeak,Northern_California_Solar_144_Generic,2035,0.79
Generic_PGE_North_500_offpeak,Northern_California_Solar_149_Generic,2035,0.79
Generic_PGE_North_500_offpeak,Northern_California_Solar_150_Generic,2035,0.79
Generic_PGE_North_500_offpeak,Northern_California_Solar_155_Generic,2035,0.79
Generic_PGE_North_500_offpeak,Northern_California_Solar_157_Generic,2035,0.79
Generic_PGE_North_500_offpeak,Northern_California_Solar_158_Generic,2035,0.79
Generic_PGE_North_500_offpeak,Northern_California_Solar_159_Generic,2035,0.79
Generic_PGE_North_500_offpeak,Northern_California_Solar_166_Generic,2035,0.79
Generic_PGE_North_500_offpeak,Northern_California_Solar_172_Generic,2035,0.79
Generic_PGE_North_500_offpeak,Northern_California_Solar_178_Generic,2035,0.79
Generic_PGE_North_500_offpeak,Northern_California_Solar_179_Generic,2035,0.79
Generic_PGE_North_500_offpeak,Northern_California_Solar_180_Generic,2035,0.79
Generic_PGE_North_500_offpeak,Northern_California_Solar_25_Generic,2035,0.79
Generic_PGE_North_500_offpeak,Northern_California_Solar_26_Generic,2035,0.79
Generic_PGE_North_500_offpeak,Northern_California_Solar_29_Generic,2035,0.79
Generic_PGE_North_500_offpeak,Northern_California_Solar_31_Generic,2035,0.79
Generic_PGE_North_500_offpeak,Northern_California_Solar_35_Generic,2035,0.79
Generic_PGE_North_500_offpeak,Northern_California_Solar_38_Generic,2035,0.79
Generic_PGE_North_500_offpeak,Northern_California_Solar_41_Generic,2035,0.79
Generic_PGE_North_500_offpeak,Northern_California_Solar_44_Generic,2035,0.79
Generic_PGE_North_500_offpeak,Northern_California_Solar_5_Generic,2035,0.79
Generic_PGE_North_500_offpeak,Northern_California_Solar_51_Generic,2035,0.79
Generic_PGE_North_500_offpeak,Northern_California_Solar_57_Generic,2035,0.79
Generic_PGE_North_500_offpeak,Northern_California_Solar_68_Generic,2035,0.79
Generic_PGE_North_500_offpeak,Northern_California_Solar_70_Generic,2035,0.79
Generic_PGE_North_500_offpeak,Northern_California_Solar_73_Generic,2035,0.79
Generic_PGE_North_500_offpeak,Northern_California_Solar_76_Generic,2035,0.79
Generic_PGE_North_500_offpeak,Northern_California_Solar_80_Generic,2035,0.79
Generic_PGE_North_500_offpeak,Northern_California_Solar_82_Generic,2035,0.79
Generic_PGE_North_500_offpeak,Northern_California_Solar_83_Generic,2035,0.79
Generic_PGE_North_500_offpeak,Northern_California_Solar_84_Generic,2035,0.79
Generic_PGE_North_500_offpeak,Northern_California_Solar_85_Generic,2035,0.79
Generic_PGE_North_500_offpeak,Northern_California_Solar_92_Generic,2035,0.79
Generic_PGE_North_500_offpeak,Northern_California_Solar_94_Generic,2035,0.79
Generic_PGE_North_500_offpeak,Northern_California_Solar_96_Generic,2035,0.79
Generic_PGE_North_500_offpeak,Northern_California_Wind_159_Generic,2035,0.44
Generic_PGE_North_500_offpeak,Northern_California_Wind_26_Generic,2035,0.44
Generic_PGE_North_500_offpeak,Northern_California_Wind_35_Generic,2035,0.44
Generic_PGE_North_500_offpeak,Northern_California_Wind_5_Generic,2035,0.44
Generic_PGE_North_500_offpeak,Northern_California_Wind_76_Generic,2035,0.44
Generic_PGE_North_500_offpeak,Northern_California_Wind_83_Generic,2035,0.44
Generic_PGE_North_500_offpeak,Pacific_Northwest_Geothermal_5_Generic,2035,1.0
Generic_PGE_North_500_offpeak,Solano_Wind_122_Generic,2035,0.44
Generic_PGE_North_500_offpeak,Solano_Wind_126_Generic,2035,0.44
Generic_PGE_North_500_offpeak,Solano_Wind_85_Generic,2035,0.44
Generic_PGE_North_500_offpeak,Solano_Wind_94_Generic,2035,0.44
Generic_PGE_North_500_offpeak,Southern_PGAE_Flow_Battery_111_Generic,2035,-1.0
Generic_PGE_North_500_offpeak,Southern_PGAE_Flow_Battery_124_Generic,2035,-1.0
Generic_PGE_North_500_offpeak,Southern_PGAE_Flow_Battery_139_Generic,2035,-1.0
Generic_PGE_North_500_offpeak,Southern_PGAE_Flow_Battery_140_Generic,2035,-1.0
Generic_PGE_North_500_offpeak,Southern_PGAE_Flow_Battery_145_Generic,2035,-1.0
Generic_PGE_North_500_offpeak,Southern_PGAE_Flow_Battery_151_Generic,2035,-1.0
Generic_PGE_North_500_offpeak,Southern_PGAE_Flow_Battery_154_Generic,2035,-1.0
Generic_PGE_North_500_offpeak,Southern_PGAE_Flow_Battery_161_Generic,2035,-1.0
Generic_PGE_North_500_offpeak,Southern_PGAE_Flow_Battery_162_Generic,2035,-1.0
Generic_PGE_North_500_offpeak,Southern_PGAE_Flow_Battery_163_Generic,2035,-1.0
Generic_PGE_North_500_offpeak,Southern_PGAE_Flow_Battery_164_Generic,2035,-1.0
Generic_PGE_North_500_offpeak,Southern_PGAE_Flow_Battery_165_Generic,2035,-1.0
Generic_PGE_North_500_offpeak,Southern_PGAE_Flow_Battery_168_Generic,2035,-1.0
Generic_PGE_North_500_offpeak,Southern_PGAE_Flow_Battery_169_Generic,2035,-1.0
Generic_PGE_North_500_offpeak,Southern_PGAE_Flow_Battery_17_Generic,2035,-1.0
Generic_PGE_North_500_offpeak,Southern_PGAE_Flow_Battery_170_Generic,2035,-1.0
Generic_PGE_North_500_offpeak,Southern_PGAE_Flow_Battery_174_Generic,2035,-1.0
Generic_PGE_North_500_offpeak,Southern_PGAE_Flow_Battery_176_Generic,2035,-1.0
Generic_PGE_North_500_offpeak,Southern_PGAE_Flow_Battery_95_Generic,2035,-1.0
Generic_PGE_North_500_offpeak,Southern_PGAE_Flow_Battery_99_Generic,2035,-1.0
Generic_PGE_North_500_offpeak,Southern_PGAE_Li_Battery_4hr_111_Generic,2035,-1.0
Generic_PGE_North_500_offpeak,Southern_PGAE_Li_Battery_4hr_124_Generic,2035,-1.0
Generic_PGE_North_500_offpeak,Southern_PGAE_Li_Battery_4hr_139_Generic,2035,-1.0
Generic_PGE_North_500_offpeak,Southern_PGAE_Li_Battery_4hr_140_Generic,2035,-1.0
Generic_PGE_North_500_offpeak,Southern_PGAE_Li_Battery_4hr_145_Generic,2035,-1.0
Generic_PGE_North_500_offpeak,Southern_PGAE_Li_Battery_4hr_151_Generic,2035,-1.0
Generic_PGE_North_500_offpeak,Southern_PGAE_Li_Battery_4hr_154_Generic,2035,-1.0
Generic_PGE_North_500_offpeak,Southern_PGAE_Li_Battery_4hr_161_Generic,2035,-1.0
Generic_PGE_North_500_offpeak,Southern_PGAE_Li_Battery_4hr_162_Generic,2035,-1.0
Generic_PGE_North_500_offpeak,Southern_PGAE_Li_Battery_4hr_163_Generic,2035,-1.0
Generic_PGE_North_500_offpeak,Southern_PGAE_Li_Battery_4hr_164_Generic,2035,-1.0
Generic_PGE_North_500_offpeak,Southern_PGAE_Li_Battery_4hr_165_Generic,2035,-1.0
Generic_PGE_North_500_offpeak,Southern_PGAE_Li_Battery_4hr_168_Generic,2035,-1.0
Generic_PGE_North_500_offpeak,Southern_PGAE_Li_Battery_4hr_169_Generic,2035,-1.0
Generic_PGE_North_500_offpeak,Southern_PGAE_Li_Battery_4hr_17_Generic,2035,-1.0
Generic_PGE_North_500_offpeak,Southern_PGAE_Li_Battery_4hr_170_Generic,2035,-1.0
Generic_PGE_North_500_offpeak,Southern_PGAE_Li_Battery_4hr_174_Generic,2035,-1.0
Generic_PGE_North_500_offpeak,Southern_PGAE_Li_Battery_4hr_176_Generic,2035,-1.0
Generic_PGE_North_500_offpeak,Southern_PGAE_Li_Battery_4hr_95_Generic,2035,-1.0
Generic_PGE_North_500_offpeak,Southern_PGAE_Li_Battery_4hr_99_Generic,2035,-1.0
Generic_PGE_North_500_offpeak,Southern_PGAE_Li_Battery_8hr_111_Generic,2035,-1.0
Generic_PGE_North_500_offpeak,Southern_PGAE_Li_Battery_8hr_124_Generic,2035,-1.0
Generic_PGE_North_500_offpeak,Southern_PGAE_Li_Battery_8hr_139_Generic,2035,-1.0
Generic_PGE_North_500_offpeak,Southern_PGAE_Li_Battery_8hr_140_Generic,2035,-1.0
Generic_PGE_North_500_offpeak,Southern_PGAE_Li_Battery_8hr_145_Generic,2035,-1.0
Generic_PGE_North_500_offpeak,Southern_PGAE_Li_Battery_8hr_151_Generic,2035,-1.0
Generic_PGE_North_500_offpeak,Southern_PGAE_Li_Battery_8hr_154_Generic,2035,-1.0
Generic_PGE_North_500_offpeak,Southern_PGAE_Li_Battery_8hr_161_Generic,2035,-1.0
Generic_PGE_North_500_offpeak,Southern_PGAE_Li_Battery_8hr_162_Generic,2035,-1.0
Generic_PGE_North_500_offpeak,Southern_PGAE_Li_Battery_8hr_163_Generic,2035,-1.0
Generic_PGE_North_500_offpeak,Southern_PGAE_Li_Battery_8hr_164_Generic,2035,-1.0
Generic_PGE_North_500_offpeak,Southern_PGAE_Li_Battery_8hr_165_Generic,2035,-1.0
Generic_PGE_North_500_offpeak,Southern_PGAE_Li_Battery_8hr_168_Generic,2035,-1.0
Generic_PGE_North_500_offpeak,Southern_PGAE_Li_Battery_8hr_169_Generic,2035,-1.0
Generic_PGE_North_500_offpeak,Southern_PGAE_Li_Battery_8hr_17_Generic,2035,-1.0
Generic_PGE_North_500_offpeak,Southern_PGAE_Li_Battery_8hr_170_Generic,2035,-1.0
Generic_PGE_North_500_offpeak,Southern_PGAE_Li_Battery_8hr_174_Generic,2035,-1.0
Generic_PGE_North_500_offpeak,Southern_PGAE_Li_Battery_8hr_176_Generic,2035,-1.0
Generic_PGE_North_500_offpeak,Southern_PGAE_Li_Battery_8hr_95_Generic,2035,-1.0
Generic_PGE_North_500_offpeak,Southern_PGAE_Li_Battery_8hr_99_Generic,2035,-1.0
Generic_PGE_North_500_offpeak,Southern_PGAE_Solar_111_Generic,2035,0.79
Generic_PGE_North_500_offpeak,Southern_PGAE_Solar_124_Generic,2035,0.79
Generic_PGE_North_500_offpeak,Southern_PGAE_Solar_139_Generic,2035,0.79
Generic_PGE_North_500_offpeak,Southern_PGAE_Solar_140_Generic,2035,0.79
Generic_PGE_North_500_offpeak,Southern_PGAE_Solar_145_Generic,2035,0.79
Generic_PGE_North_500_offpeak,Southern_PGAE_Solar_151_Generic,2035,0.79
Generic_PGE_North_500_offpeak,Southern_PGAE_Solar_154_Generic,2035,0.79
Generic_PGE_North_500_offpeak,Southern_PGAE_Solar_161_Generic,2035,0.79
Generic_PGE_North_500_offpeak,Southern_PGAE_Solar_162_Generic,2035,0.79
Generic_PGE_North_500_offpeak,Southern_PGAE_Solar_163_Generic,2035,0.79
Generic_PGE_North_500_offpeak,Southern_PGAE_Solar_164_Generic,2035,0.79
Generic_PGE_North_500_offpeak,Southern_PGAE_Solar_165_Generic,2035,0.79
Generic_PGE_North_500_offpeak,Southern_PGAE_Solar_168_Generic,2035,0.79
Generic_PGE_North_500_offpeak,Southern_PGAE_Solar_169_Generic,2035,0.79
Generic_PGE_North_500_offpeak,Southern_PGAE_Solar_17_Generic,2035,0.79
Generic_PGE_North_500_offpeak,Southern_PGAE_Solar_170_Generic,2035,0.79
Generic_PGE_North_500_offpeak,Southern_PGAE_Solar_174_Generic,2035,0.79
Generic_PGE_North_500_offpeak,Southern_PGAE_Solar_176_Generic,2035,0.79
Generic_PGE_North_500_offpeak,Southern_PGAE_Solar_95_Generic,2035,0.79
Generic_PGE_North_500_offpeak,Southern_PGAE_Solar_99_Generic,2035,0.79
Generic_PGE_North_500_offpeak,Tehachapi_Flow_Battery_125_Generic,2035,-1.0
Generic_PGE_North_500_offpeak,Tehachapi_Li_Battery_4hr_125_Generic,2035,-1.0
Generic_PGE_North_500_offpeak,Tehachapi_Li_Battery_8hr_125_Generic,2035,-1.0
Generic_PGE_North_500_offpeak,Tehachapi_Solar_125_Generic,2035,0.77
Generic_PGE_North_500_offpeak,Generic_PGE_North_500_group,2035,-1.0
Generic_PGE_North_500_SSN,Generic_PGE_North_500_group,2035,-1.0
Generic_PGE_South_500_HSN,Generic_PGE_South_500_group,2035,-1.0
Generic_PGE_South_500_offpeak,Central_Valley_North_Los_Banos_Biomass_47_Generic,2035,1.0
Generic_PGE_South_500_offpeak,Central_Valley_North_Los_Banos_Wind_125_Generic,2035,0.63
Generic_PGE_South_500_offpeak,Central_Valley_North_Los_Banos_Wind_154_Generic,2035,0.63
Generic_PGE_South_500_offpeak,Central_Valley_North_Los_Banos_Wind_162_Generic,2035,0.63
Generic_PGE_South_500_offpeak,Central_Valley_North_Los_Banos_Wind_17_Generic,2035,0.63
Generic_PGE_South_500_offpeak,Northern_California_Flow_Battery_113_Generic,2035,-1.0
Generic_PGE_South_500_offpeak,Northern_California_Flow_Battery_114_Generic,2035,-1.0
Generic_PGE_South_500_offpeak,Northern_California_Flow_Battery_130_Generic,2035,-1.0
Generic_PGE_South_500_offpeak,Northern_California_Flow_Battery_138_Generic,2035,-1.0
Generic_PGE_South_500_offpeak,Northern_California_Flow_Battery_166_Generic,2035,-1.0
Generic_PGE_South_500_offpeak,Northern_California_Flow_Battery_85_Generic,2035,-1.0
Generic_PGE_South_500_offpeak,Northern_California_Li_Battery_4hr_113_Generic,2035,-1.0
Generic_PGE_South_500_offpeak,Northern_California_Li_Battery_4hr_114_Generic,2035,-1.0
Generic_PGE_South_500_offpeak,Northern_California_Li_Battery_4hr_130_Generic,2035,-1.0
Generic_PGE_South_500_offpeak,Northern_California_Li_Battery_4hr_138_Generic,2035,-1.0
Generic_PGE_South_500_offpeak,Northern_California_Li_Battery_4hr_166_Generic,2035,-1.0
Generic_PGE_South_500_offpeak,Northern_California_Li_Battery_4hr_85_Generic,2035,-1.0
Generic_PGE_South_500_offpeak,Northern_California_Li_Battery_8hr_113_Generic,2035,-1.0
Generic_PGE_South_500_offpeak,Northern_California_Li_Battery_8hr_114_Generic,2035,-1.0
Generic_PGE_South_500_offpeak,Northern_California_Li_Battery_8hr_130_Generic,2035,-1.0
Generic_PGE_South_500_offpeak,Northern_California_Li_Battery_8hr_138_Generic,2035,-1.0
Generic_PGE_South_500_offpeak,Northern_California_Li_Battery_8hr_166_Generic,2035,-1.0
Generic_PGE_South_500_offpeak,Northern_California_Li_Battery_8hr_85_Generic,2035,-1.0
Generic_PGE_South_500_offpeak,Northern_California_Solar_113_Generic,2035,0.68
Generic_PGE_South_500_offpeak,Northern_California_Solar_114_Generic,2035,0.68
Generic_PGE_South_500_offpeak,Northern_California_Solar_130_Generic,2035,0.68
Generic_PGE_South_500_offpeak,Northern_California_Solar_138_Generic,2035,0.68
Generic_PGE_South_500_offpeak,Northern_California_Solar_166_Generic,2035,0.68
Generic_PGE_South_500_offpeak,Northern_California_Solar_85_Generic,2035,0.68
Generic_PGE_South_500_offpeak,Solano_Wind_85_Generic,2035,0.63
Generic_PGE_South_500_offpeak,Southern_PGAE_Adiabatic_CAES_12_Generic,2035,-1.0
Generic_PGE_South_500_offpeak,Southern_PGAE_Flow_Battery_102_Generic,2035,-1.0
Generic_PGE_South_500_offpeak,Southern_PGAE_Flow_Battery_109_Generic,2035,-1.0
Generic_PGE_South_500_offpeak,Southern_PGAE_Flow_Battery_117_Generic,2035,-1.0
Generic_PGE_South_500_offpeak,Southern_PGAE_Flow_Battery_118_Generic,2035,-1.0
Generic_PGE_South_500_offpeak,Southern_PGAE_Flow_Battery_12_Generic,2035,-1.0
Generic_PGE_South_500_offpeak,Southern_PGAE_Flow_Battery_124_Generic,2035,-1.0
Generic_PGE_South_500_offpeak,Southern_PGAE_Flow_Battery_136_Generic,2035,-1.0
Generic_PGE_South_500_offpeak,Southern_PGAE_Flow_Battery_139_Generic,2035,-1.0
Generic_PGE_South_500_offpeak,Southern_PGAE_Flow_Battery_140_Generic,2035,-1.0
Generic_PGE_South_500_offpeak,Southern_PGAE_Flow_Battery_147_Generic,2035,-1.0
Generic_PGE_South_500_offpeak,Southern_PGAE_Flow_Battery_148_Generic,2035,-1.0
Generic_PGE_South_500_offpeak,Southern_PGAE_Flow_Battery_151_Generic,2035,-1.0
Generic_PGE_South_500_offpeak,Southern_PGAE_Flow_Battery_152_Generic,2035,-1.0
Generic_PGE_South_500_offpeak,Southern_PGAE_Flow_Battery_154_Generic,2035,-1.0
Generic_PGE_South_500_offpeak,Southern_PGAE_Flow_Battery_160_Generic,2035,-1.0
Generic_PGE_South_500_offpeak,Southern_PGAE_Flow_Battery_161_Generic,2035,-1.0
Generic_PGE_South_500_offpeak,Southern_PGAE_Flow_Battery_162_Generic,2035,-1.0
Generic_PGE_South_500_offpeak,Southern_PGAE_Flow_Battery_163_Generic,2035,-1.0
Generic_PGE_South_500_offpeak,Southern_PGAE_Flow_Battery_164_Generic,2035,-1.0
Generic_PGE_South_500_offpeak,Southern_PGAE_Flow_Battery_165_Generic,2035,-1.0
Generic_PGE_South_500_offpeak,Southern_PGAE_Flow_Battery_168_Generic,2035,-1.0
Generic_PGE_South_500_offpeak,Southern_PGAE_Flow_Battery_169_Generic,2035,-1.0
Generic_PGE_South_500_offpeak,Southern_PGAE_Flow_Battery_17_Generic,2035,-1.0
Generic_PGE_South_500_offpeak,Southern_PGAE_Flow_Battery_170_Generic,2035,-1.0
Generic_PGE_South_500_offpeak,Southern_PGAE_Flow_Battery_173_Generic,2035,-1.0
Generic_PGE_South_500_offpeak,Southern_PGAE_Flow_Battery_174_Generic,2035,-1.0
Generic_PGE_South_500_offpeak,Southern_PGAE_Flow_Battery_175_Generic,2035,-1.0
Generic_PGE_South_500_offpeak,Southern_PGAE_Flow_Battery_176_Generic,2035,-1.0
Generic_PGE_South_500_offpeak,Southern_PGAE_Flow_Battery_177_Generic,2035,-1.0
Generic_PGE_South_500_offpeak,Southern_PGAE_Flow_Battery_181_Generic,2035,-1.0
Generic_PGE_South_500_offpeak,Southern_PGAE_Flow_Battery_22_Generic,2035,-1.0
Generic_PGE_South_500_offpeak,Southern_PGAE_Flow_Battery_23_Generic,2035,-1.0
Generic_PGE_South_500_offpeak,Southern_PGAE_Flow_Battery_24_Generic,2035,-1.0
Generic_PGE_South_500_offpeak,Southern_PGAE_Flow_Battery_27_Generic,2035,-1.0
Generic_PGE_South_500_offpeak,Southern_PGAE_Flow_Battery_3_Generic,2035,-1.0
Generic_PGE_South_500_offpeak,Southern_PGAE_Flow_Battery_33_Generic,2035,-1.0
Generic_PGE_South_500_offpeak,Southern_PGAE_Flow_Battery_34_Generic,2035,-1.0
Generic_PGE_South_500_offpeak,Southern_PGAE_Flow_Battery_37_Generic,2035,-1.0
Generic_PGE_South_500_offpeak,Southern_PGAE_Flow_Battery_39_Generic,2035,-1.0
Generic_PGE_South_500_offpeak,Southern_PGAE_Flow_Battery_43_Generic,2035,-1.0
Generic_PGE_South_500_offpeak,Southern_PGAE_Flow_Battery_45_Generic,2035,-1.0
Generic_PGE_South_500_offpeak,Southern_PGAE_Flow_Battery_46_Generic,2035,-1.0
Generic_PGE_South_500_offpeak,Southern_PGAE_Flow_Battery_47_Generic,2035,-1.0
Generic_PGE_South_500_offpeak,Southern_PGAE_Flow_Battery_49_Generic,2035,-1.0
Generic_PGE_South_500_offpeak,Southern_PGAE_Flow_Battery_52_Generic,2035,-1.0
Generic_PGE_South_500_offpeak,Southern_PGAE_Flow_Battery_54_Generic,2035,-1.0
Generic_PGE_South_500_offpeak,Southern_PGAE_Flow_Battery_61_Generic,2035,-1.0
Generic_PGE_South_500_offpeak,Southern_PGAE_Flow_Battery_69_Generic,2035,-1.0
Generic_PGE_South_500_offpeak,Southern_PGAE_Flow_Battery_72_Generic,2035,-1.0
Generic_PGE_South_500_offpeak,Southern_PGAE_Flow_Battery_74_Generic,2035,-1.0
Generic_PGE_South_500_offpeak,Southern_PGAE_Flow_Battery_75_Generic,2035,-1.0
Generic_PGE_South_500_offpeak,Southern_PGAE_Flow_Battery_79_Generic,2035,-1.0
Generic_PGE_South_500_offpeak,Southern_PGAE_Flow_Battery_8_Generic,2035,-1.0
Generic_PGE_South_500_offpeak,Southern_PGAE_Flow_Battery_93_Generic,2035,-1.0
Generic_PGE_South_500_offpeak,Southern_PGAE_Flow_Battery_98_Generic,2035,-1.0
Generic_PGE_South_500_offpeak,Southern_PGAE_Flow_Battery_99_Generic,2035,-1.0
Generic_PGE_South_500_offpeak,Southern_PGAE_Li_Battery_4hr_102_Generic,2035,-1.0
Generic_PGE_South_500_offpeak,Southern_PGAE_Li_Battery_4hr_109_Generic,2035,-1.0
Generic_PGE_South_500_offpeak,Southern_PGAE_Li_Battery_4hr_117_Generic,2035,-1.0
Generic_PGE_South_500_offpeak,Southern_PGAE_Li_Battery_4hr_118_Generic,2035,-1.0
Generic_PGE_South_500_offpeak,Southern_PGAE_Li_Battery_4hr_12_Generic,2035,-1.0
Generic_PGE_South_500_offpeak,Southern_PGAE_Li_Battery_4hr_124_Generic,2035,-1.0
Generic_PGE_South_500_offpeak,Southern_PGAE_Li_Battery_4hr_136_Generic,2035,-1.0
Generic_PGE_South_500_offpeak,Southern_PGAE_Li_Battery_4hr_139_Generic,2035,-1.0
Generic_PGE_South_500_offpeak,Southern_PGAE_Li_Battery_4hr_140_Generic,2035,-1.0
Generic_PGE_South_500_offpeak,Southern_PGAE_Li_Battery_4hr_147_Generic,2035,-1.0
Generic_PGE_South_500_offpeak,Southern_PGAE_Li_Battery_4hr_148_Generic,2035,-1.0
Generic_PGE_South_500_offpeak,Southern_PGAE_Li_Battery_4hr_151_Generic,2035,-1.0
Generic_PGE_South_500_offpeak,Southern_PGAE_Li_Battery_4hr_152_Generic,2035,-1.0
Generic_PGE_South_500_offpeak,Southern_PGAE_Li_Battery_4hr_154_Generic,2035,-1.0
Generic_PGE_South_500_offpeak,Southern_PGAE_Li_Battery_4hr_160_Generic,2035,-1.0
Generic_PGE_South_500_offpeak,Southern_PGAE_Li_Battery_4hr_161_Generic,2035,-1.0
Generic_PGE_South_500_offpeak,Southern_PGAE_Li_Battery_4hr_162_Generic,2035,-1.0
Generic_PGE_South_500_offpeak,Southern_PGAE_Li_Battery_4hr_163_Generic,2035,-1.0
Generic_PGE_South_500_offpeak,Southern_PGAE_Li_Battery_4hr_164_Generic,2035,-1.0
Generic_PGE_South_500_offpeak,Southern_PGAE_Li_Battery_4hr_165_Generic,2035,-1.0
Generic_PGE_South_500_offpeak,Southern_PGAE_Li_Battery_4hr_168_Generic,2035,-1.0
Generic_PGE_South_500_offpeak,Southern_PGAE_Li_Battery_4hr_169_Generic,2035,-1.0
Generic_PGE_South_500_offpeak,Southern_PGAE_Li_Battery_4hr_17_Generic,2035,-1.0
Generic_PGE_South_500_offpeak,Southern_PGAE_Li_Battery_4hr_170_Generic,2035,-1.0
Generic_PGE_South_500_offpeak,Southern_PGAE_Li_Battery_4hr_173_Generic,2035,-1.0
Generic_PGE_South_500_offpeak,Southern_PGAE_Li_Battery_4hr_174_Generic,2035,-1.0
Generic_PGE_South_500_offpeak,Southern_PGAE_Li_Battery_4hr_175_Generic,2035,-1.0
Generic_PGE_South_500_offpeak,Southern_PGAE_Li_Battery_4hr_176_Generic,2035,-1.0
Generic_PGE_South_500_offpeak,Southern_PGAE_Li_Battery_4hr_177_Generic,2035,-1.0
Generic_PGE_South_500_offpeak,Southern_PGAE_Li_Battery_4hr_181_Generic,2035,-1.0
Generic_PGE_South_500_offpeak,Southern_PGAE_Li_Battery_4hr_22_Generic,2035,-1.0
Generic_PGE_South_500_offpeak,Southern_PGAE_Li_Battery_4hr_23_Generic,2035,-1.0
Generic_PGE_South_500_offpeak,Southern_PGAE_Li_Battery_4hr_24_Generic,2035,-1.0
Generic_PGE_South_500_offpeak,Southern_PGAE_Li_Battery_4hr_27_Generic,2035,-1.0
Generic_PGE_South_500_offpeak,Southern_PGAE_Li_Battery_4hr_3_Generic,2035,-1.0
Generic_PGE_South_500_offpeak,Southern_PGAE_Li_Battery_4hr_33_Generic,2035,-1.0
Generic_PGE_South_500_offpeak,Southern_PGAE_Li_Battery_4hr_34_Generic,2035,-1.0
Generic_PGE_South_500_offpeak,Southern_PGAE_Li_Battery_4hr_37_Generic,2035,-1.0
Generic_PGE_South_500_offpeak,Southern_PGAE_Li_Battery_4hr_39_Generic,2035,-1.0
Generic_PGE_South_500_offpeak,Southern_PGAE_Li_Battery_4hr_43_Generic,2035,-1.0
Generic_PGE_South_500_offpeak,Southern_PGAE_Li_Battery_4hr_45_Generic,2035,-1.0
Generic_PGE_South_500_offpeak,Southern_PGAE_Li_Battery_4hr_46_Generic,2035,-1.0
Generic_PGE_South_500_offpeak,Southern_PGAE_Li_Battery_4hr_47_Generic,2035,-1.0
Generic_PGE_South_500_offpeak,Southern_PGAE_Li_Battery_4hr_49_Generic,2035,-1.0
Generic_PGE_South_500_offpeak,Southern_PGAE_Li_Battery_4hr_52_Generic,2035,-1.0
Generic_PGE_South_500_offpeak,Southern_PGAE_Li_Battery_4hr_54_Generic,2035,-1.0
Generic_PGE_South_500_offpeak,Southern_PGAE_Li_Battery_4hr_61_Generic,2035,-1.0
Generic_PGE_South_500_offpeak,Southern_PGAE_Li_Battery_4hr_69_Generic,2035,-1.0
Generic_PGE_South_500_offpeak,Southern_PGAE_Li_Battery_4hr_72_Generic,2035,-1.0
Generic_PGE_South_500_offpeak,Southern_PGAE_Li_Battery_4hr_74_Generic,2035,-1.0
Generic_PGE_South_500_offpeak,Southern_PGAE_Li_Battery_4hr_75_Generic,2035,-1.0
Generic_PGE_South_500_offpeak,Southern_PGAE_Li_Battery_4hr_79_Generic,2035,-1.0
Generic_PGE_South_500_offpeak,Southern_PGAE_Li_Battery_4hr_8_Generic,2035,-1.0
Generic_PGE_South_500_offpeak,Southern_PGAE_Li_Battery_4hr_93_Generic,2035,-1.0
Generic_PGE_South_500_offpeak,Southern_PGAE_Li_Battery_4hr_98_Generic,2035,-1.0
Generic_PGE_South_500_offpeak,Southern_PGAE_Li_Battery_4hr_99_Generic,2035,-1.0
Generic_PGE_South_500_offpeak,Southern_PGAE_Li_Battery_8hr_102_Generic,2035,-1.0
Generic_PGE_South_500_offpeak,Southern_PGAE_Li_Battery_8hr_109_Generic,2035,-1.0
Generic_PGE_South_500_offpeak,Southern_PGAE_Li_Battery_8hr_117_Generic,2035,-1.0
Generic_PGE_South_500_offpeak,Southern_PGAE_Li_Battery_8hr_118_Generic,2035,-1.0
Generic_PGE_South_500_offpeak,Southern_PGAE_Li_Battery_8hr_12_Generic,2035,-1.0
Generic_PGE_South_500_offpeak,Southern_PGAE_Li_Battery_8hr_124_Generic,2035,-1.0
Generic_PGE_South_500_offpeak,Southern_PGAE_Li_Battery_8hr_136_Generic,2035,-1.0
Generic_PGE_South_500_offpeak,Southern_PGAE_Li_Battery_8hr_139_Generic,2035,-1.0
Generic_PGE_South_500_offpeak,Southern_PGAE_Li_Battery_8hr_140_Generic,2035,-1.0
Generic_PGE_South_500_offpeak,Southern_PGAE_Li_Battery_8hr_147_Generic,2035,-1.0
Generic_PGE_South_500_offpeak,Southern_PGAE_Li_Battery_8hr_148_Generic,2035,-1.0
Generic_PGE_South_500_offpeak,Southern_PGAE_Li_Battery_8hr_151_Generic,2035,-1.0
Generic_PGE_South_500_offpeak,Southern_PGAE_Li_Battery_8hr_152_Generic,2035,-1.0
Generic_PGE_South_500_offpeak,Southern_PGAE_Li_Battery_8hr_154_Generic,2035,-1.0
Generic_PGE_South_500_offpeak,Southern_PGAE_Li_Battery_8hr_160_Generic,2035,-1.0
Generic_PGE_South_500_offpeak,Southern_PGAE_Li_Battery_8hr_161_Generic,2035,-1.0
Generic_PGE_South_500_offpeak,Southern_PGAE_Li_Battery_8hr_162_Generic,2035,-1.0
Generic_PGE_South_500_offpeak,Southern_PGAE_Li_Battery_8hr_163_Generic,2035,-1.0
Generic_PGE_South_500_offpeak,Southern_PGAE_Li_Battery_8hr_164_Generic,2035,-1.0
Generic_PGE_South_500_offpeak,Southern_PGAE_Li_Battery_8hr_165_Generic,2035,-1.0
Generic_PGE_South_500_offpeak,Southern_PGAE_Li_Battery_8hr_168_Generic,2035,-1.0
Generic_PGE_South_500_offpeak,Southern_PGAE_Li_Battery_8hr_169_Generic,2035,-1.0
Generic_PGE_South_500_offpeak,Southern_PGAE_Li_Battery_8hr_17_Generic,2035,-1.0
Generic_PGE_South_500_offpeak,Southern_PGAE_Li_Battery_8hr_170_Generic,2035,-1.0
Generic_PGE_South_500_offpeak,Southern_PGAE_Li_Battery_8hr_173_Generic,2035,-1.0
Generic_PGE_South_500_offpeak,Southern_PGAE_Li_Battery_8hr_174_Generic,2035,-1.0
Generic_PGE_South_500_offpeak,Southern_PGAE_Li_Battery_8hr_175_Generic,2035,-1.0
Generic_PGE_South_500_offpeak,Southern_PGAE_Li_Battery_8hr_176_Generic,2035,-1.0
Generic_PGE_South_500_offpeak,Southern_PGAE_Li_Battery_8hr_177_Generic,2035,-1.0
Generic_PGE_South_500_offpeak,Southern_PGAE_Li_Battery_8hr_181_Generic,2035,-1.0
Generic_PGE_South_500_offpeak,Southern_PGAE_Li_Battery_8hr_22_Generic,2035,-1.0
Generic_PGE_South_500_offpeak,Southern_PGAE_Li_Battery_8hr_23_Generic,2035,-1.0
Generic_PGE_South_500_offpeak,Southern_PGAE_Li_Battery_8hr_24_Generic,2035,-1.0
Generic_PGE_South_500_offpeak,Southern_PGAE_Li_Battery_8hr_27_Generic,2035,-1.0
Generic_PGE_South_500_offpeak,Southern_PGAE_Li_Battery_8hr_3_Generic,2035,-1.0
Generic_PGE_South_500_offpeak,Southern_PGAE_Li_Battery_8hr_33_Generic,2035,-1.0
Generic_PGE_South_500_offpeak,Southern_PGAE_Li_Battery_8hr_34_Generic,2035,-1.0
Generic_PGE_South_500_offpeak,Southern_PGAE_Li_Battery_8hr_37_Generic,2035,-1.0
Generic_PGE_South_500_offpeak,Southern_PGAE_Li_Battery_8hr_39_Generic,2035,-1.0
Generic_PGE_South_500_offpeak,Southern_PGAE_Li_Battery_8hr_43_Generic,2035,-1.0
Generic_PGE_South_500_offpeak,Southern_PGAE_Li_Battery_8hr_45_Generic,2035,-1.0
Generic_PGE_South_500_offpeak,Southern_PGAE_Li_Battery_8hr_46_Generic,2035,-1.0
Generic_PGE_South_500_offpeak,Southern_PGAE_Li_Battery_8hr_47_Generic,2035,-1.0
Generic_PGE_South_500_offpeak,Southern_PGAE_Li_Battery_8hr_49_Generic,2035,-1.0
Generic_PGE_South_500_offpeak,Southern_PGAE_Li_Battery_8hr_52_Generic,2035,-1.0
Generic_PGE_South_500_offpeak,Southern_PGAE_Li_Battery_8hr_54_Generic,2035,-1.0
Generic_PGE_South_500_offpeak,Southern_PGAE_Li_Battery_8hr_61_Generic,2035,-1.0
Generic_PGE_South_500_offpeak,Southern_PGAE_Li_Battery_8hr_69_Generic,2035,-1.0
Generic_PGE_South_500_offpeak,Southern_PGAE_Li_Battery_8hr_72_Generic,2035,-1.0
Generic_PGE_South_500_offpeak,Southern_PGAE_Li_Battery_8hr_74_Generic,2035,-1.0
Generic_PGE_South_500_offpeak,Southern_PGAE_Li_Battery_8hr_75_Generic,2035,-1.0
Generic_PGE_South_500_offpeak,Southern_PGAE_Li_Battery_8hr_79_Generic,2035,-1.0
Generic_PGE_South_500_offpeak,Southern_PGAE_Li_Battery_8hr_8_Generic,2035,-1.0
Generic_PGE_South_500_offpeak,Southern_PGAE_Li_Battery_8hr_93_Generic,2035,-1.0
Generic_PGE_South_500_offpeak,Southern_PGAE_Li_Battery_8hr_98_Generic,2035,-1.0
Generic_PGE_South_500_offpeak,Southern_PGAE_Li_Battery_8hr_99_Generic,2035,-1.0
Generic_PGE_South_500_offpeak,Southern_PGAE_Solar_102_Generic,2035,0.68
Generic_PGE_South_500_offpeak,Southern_PGAE_Solar_109_Generic,2035,0.68
Generic_PGE_South_500_offpeak,Southern_PGAE_Solar_117_Generic,2035,0.68
Generic_PGE_South_500_offpeak,Southern_PGAE_Solar_118_Generic,2035,0.68
Generic_PGE_South_500_offpeak,Southern_PGAE_Solar_12_Generic,2035,0.68
Generic_PGE_South_500_offpeak,Southern_PGAE_Solar_124_Generic,2035,0.68
Generic_PGE_South_500_offpeak,Southern_PGAE_Solar_136_Generic,2035,0.68
Generic_PGE_South_500_offpeak,Southern_PGAE_Solar_139_Generic,2035,0.68
Generic_PGE_South_500_offpeak,Southern_PGAE_Solar_140_Generic,2035,0.68
Generic_PGE_South_500_offpeak,Southern_PGAE_Solar_147_Generic,2035,0.68
Generic_PGE_South_500_offpeak,Southern_PGAE_Solar_148_Generic,2035,0.68
Generic_PGE_South_500_offpeak,Southern_PGAE_Solar_151_Generic,2035,0.68
Generic_PGE_South_500_offpeak,Southern_PGAE_Solar_152_Generic,2035,0.68
Generic_PGE_South_500_offpeak,Southern_PGAE_Solar_154_Generic,2035,0.68
Generic_PGE_South_500_offpeak,Southern_PGAE_Solar_160_Generic,2035,0.68
Generic_PGE_South_500_offpeak,Southern_PGAE_Solar_161_Generic,2035,0.68
Generic_PGE_South_500_offpeak,Southern_PGAE_Solar_162_Generic,2035,0.68
Generic_PGE_South_500_offpeak,Southern_PGAE_Solar_163_Generic,2035,0.68
Generic_PGE_South_500_offpeak,Southern_PGAE_Solar_164_Generic,2035,0.68
Generic_PGE_South_500_offpeak,Southern_PGAE_Solar_165_Generic,2035,0.68
Generic_PGE_South_500_offpeak,Southern_PGAE_Solar_168_Generic,2035,0.68
Generic_PGE_South_500_offpeak,Southern_PGAE_Solar_169_Generic,2035,0.68
Generic_PGE_South_500_offpeak,Southern_PGAE_Solar_17_Generic,2035,0.68
Generic_PGE_South_500_offpeak,Southern_PGAE_Solar_170_Generic,2035,0.68
Generic_PGE_South_500_offpeak,Southern_PGAE_Solar_173_Generic,2035,0.68
Generic_PGE_South_500_offpeak,Southern_PGAE_Solar_174_Generic,2035,0.68
Generic_PGE_South_500_offpeak,Southern_PGAE_Solar_175_Generic,2035,0.68
Generic_PGE_South_500_offpeak,Southern_PGAE_Solar_176_Generic,2035,0.68
Generic_PGE_South_500_offpeak,Southern_PGAE_Solar_177_Generic,2035,0.68
Generic_PGE_South_500_offpeak,Southern_PGAE_Solar_181_Generic,2035,0.68
Generic_PGE_South_500_offpeak,Southern_PGAE_Solar_22_Generic,2035,0.68
Generic_PGE_South_500_offpeak,Southern_PGAE_Solar_23_Generic,2035,0.68
Generic_PGE_South_500_offpeak,Southern_PGAE_Solar_24_Generic,2035,0.68
Generic_PGE_South_500_offpeak,Southern_PGAE_Solar_27_Generic,2035,0.68
Generic_PGE_South_500_offpeak,Southern_PGAE_Solar_3_Generic,2035,0.68
Generic_PGE_South_500_offpeak,Southern_PGAE_Solar_33_Generic,2035,0.68
Generic_PGE_South_500_offpeak,Southern_PGAE_Solar_34_Generic,2035,0.68
Generic_PGE_South_500_offpeak,Southern_PGAE_Solar_37_Generic,2035,0.68
Generic_PGE_South_500_offpeak,Southern_PGAE_Solar_39_Generic,2035,0.68
Generic_PGE_South_500_offpeak,Southern_PGAE_Solar_43_Generic,2035,0.68
Generic_PGE_South_500_offpeak,Southern_PGAE_Solar_45_Generic,2035,0.68
Generic_PGE_South_500_offpeak,Southern_PGAE_Solar_46_Generic,2035,0.68
Generic_PGE_South_500_offpeak,Southern_PGAE_Solar_47_Generic,2035,0.68
Generic_PGE_South_500_offpeak,Southern_PGAE_Solar_49_Generic,2035,0.68
Generic_PGE_South_500_offpeak,Southern_PGAE_Solar_52_Generic,2035,0.68
Generic_PGE_South_500_offpeak,Southern_PGAE_Solar_54_Generic,2035,0.68
Generic_PGE_South_500_offpeak,Southern_PGAE_Solar_61_Generic,2035,0.68
Generic_PGE_South_500_offpeak,Southern_PGAE_Solar_69_Generic,2035,0.68
Generic_PGE_South_500_offpeak,Southern_PGAE_Solar_72_Generic,2035,0.68
Generic_PGE_South_500_offpeak,Southern_PGAE_Solar_74_Generic,2035,0.68
Generic_PGE_South_500_offpeak,Southern_PGAE_Solar_75_Generic,2035,0.68
Generic_PGE_South_500_offpeak,Southern_PGAE_Solar_79_Generic,2035,0.68
Generic_PGE_South_500_offpeak,Southern_PGAE_Solar_8_Generic,2035,0.68
Generic_PGE_South_500_offpeak,Southern_PGAE_Solar_93_Generic,2035,0.68
Generic_PGE_South_500_offpeak,Southern_PGAE_Solar_98_Generic,2035,0.68
Generic_PGE_South_500_offpeak,Southern_PGAE_Solar_99_Generic,2035,0.68
Generic_PGE_South_500_offpeak,Tehachapi_Flow_Battery_125_Generic,2035,-1.0
Generic_PGE_South_500_offpeak,Tehachapi_Li_Battery_4hr_125_Generic,2035,-1.0
Generic_PGE_South_500_offpeak,Tehachapi_Li_Battery_8hr_125_Generic,2035,-1.0
Generic_PGE_South_500_offpeak,Tehachapi_Solar_125_Generic,2035,0.68
Generic_PGE_South_500_offpeak,Generic_PGE_South_500_group,2035,-1.0
Generic_PGE_South_500_SSN,Generic_PGE_South_500_group,2035,-1.0
Generic_SCE_East_Pisgah_500_HSN,Generic_SCE_East_Pisgah_500_group,2035,-1.0
Generic_SCE_East_Pisgah_500_offpeak,Arizona_Flow_Battery_55_Generic,2035,-1.0
Generic_SCE_East_Pisgah_500_offpeak,Arizona_Flow_Battery_90_Generic,2035,-1.0
Generic_SCE_East_Pisgah_500_offpeak,Arizona_Li_Battery_4hr_55_Generic,2035,-1.0
Generic_SCE_East_Pisgah_500_offpeak,Arizona_Li_Battery_4hr_90_Generic,2035,-1.0
Generic_SCE_East_Pisgah_500_offpeak,Arizona_Li_Battery_8hr_55_Generic,2035,-1.0
Generic_SCE_East_Pisgah_500_offpeak,Arizona_Li_Battery_8hr_90_Generic,2035,-1.0
Generic_SCE_East_Pisgah_500_offpeak,Arizona_Solar_55_Generic,2035,0.77
Generic_SCE_East_Pisgah_500_offpeak,Arizona_Solar_90_Generic,2035,0.77
Generic_SCE_East_Pisgah_500_offpeak,Baja_California_Wind_133_Generic,2035,0.44
Generic_SCE_East_Pisgah_500_offpeak,Central_Nevada_Geothermal_42_Generic,2035,1.0
Generic_SCE_East_Pisgah_500_offpeak,Greater_Imperial_Flow_Battery_107_Generic,2035,-1.0
Generic_SCE_East_Pisgah_500_offpeak,Greater_Imperial_Flow_Battery_133_Generic,2035,-1.0
Generic_SCE_East_Pisgah_500_offpeak,Greater_Imperial_Li_Battery_4hr_107_Generic,2035,-1.0
Generic_SCE_East_Pisgah_500_offpeak,Greater_Imperial_Li_Battery_4hr_133_Generic,2035,-1.0
Generic_SCE_East_Pisgah_500_offpeak,Greater_Imperial_Li_Battery_8hr_107_Generic,2035,-1.0
Generic_SCE_East_Pisgah_500_offpeak,Greater_Imperial_Li_Battery_8hr_133_Generic,2035,-1.0
Generic_SCE_East_Pisgah_500_offpeak,Greater_Imperial_Solar_107_Generic,2035,0.77
Generic_SCE_East_Pisgah_500_offpeak,Greater_Imperial_Solar_133_Generic,2035,0.77
Generic_SCE_East_Pisgah_500_offpeak,Greater_LA_Flow_Battery_58_Generic,2035,-1.0
Generic_SCE_East_Pisgah_500_offpeak,Greater_LA_Li_Battery_4hr_58_Generic,2035,-1.0
Generic_SCE_East_Pisgah_500_offpeak,Greater_LA_Li_Battery_8hr_58_Generic,2035,-1.0
Generic_SCE_East_Pisgah_500_offpeak,Greater_LA_Solar_58_Generic,2035,0.77
Generic_SCE_East_Pisgah_500_offpeak,Idaho_Wind_19_Generic,2035,0.67
Generic_SCE_East_Pisgah_500_offpeak,New_Mexico_Wind_55_Generic,2035,0.67
Generic_SCE_East_Pisgah_500_offpeak,Northern_Nevada_Geothermal_19_Generic,2035,1.0
Generic_SCE_East_Pisgah_500_offpeak,Southern_NV_Eldorado_Flow_Battery_15_Generic,2035,-1.0
Generic_SCE_East_Pisgah_500_offpeak,Southern_NV_Eldorado_Flow_Battery_16_Generic,2035,-1.0
Generic_SCE_East_Pisgah_500_offpeak,Southern_NV_Eldorado_Flow_Battery_19_Generic,2035,-1.0
Generic_SCE_East_Pisgah_500_offpeak,Southern_NV_Eldorado_Flow_Battery_2_Generic,2035,-1.0
Generic_SCE_East_Pisgah_500_offpeak,Southern_NV_Eldorado_Flow_Battery_40_Generic,2035,-1.0
Generic_SCE_East_Pisgah_500_offpeak,Southern_NV_Eldorado_Flow_Battery_42_Generic,2035,-1.0
Generic_SCE_East_Pisgah_500_offpeak,Southern_NV_Eldorado_Li_Battery_4hr_15_Generic,2035,-1.0
Generic_SCE_East_Pisgah_500_offpeak,Southern_NV_Eldorado_Li_Battery_4hr_16_Generic,2035,-1.0
Generic_SCE_East_Pisgah_500_offpeak,Southern_NV_Eldorado_Li_Battery_4hr_19_Generic,2035,-1.0
Generic_SCE_East_Pisgah_500_offpeak,Southern_NV_Eldorado_Li_Battery_4hr_2_Generic,2035,-1.0
Generic_SCE_East_Pisgah_500_offpeak,Southern_NV_Eldorado_Li_Battery_4hr_40_Generic,2035,-1.0
Generic_SCE_East_Pisgah_500_offpeak,Southern_NV_Eldorado_Li_Battery_4hr_42_Generic,2035,-1.0
Generic_SCE_East_Pisgah_500_offpeak,Southern_NV_Eldorado_Li_Battery_8hr_15_Generic,2035,-1.0
Generic_SCE_East_Pisgah_500_offpeak,Southern_NV_Eldorado_Li_Battery_8hr_16_Generic,2035,-1.0
Generic_SCE_East_Pisgah_500_offpeak,Southern_NV_Eldorado_Li_Battery_8hr_19_Generic,2035,-1.0
Generic_SCE_East_Pisgah_500_offpeak,Southern_NV_Eldorado_Li_Battery_8hr_2_Generic,2035,-1.0
Generic_SCE_East_Pisgah_500_offpeak,Southern_NV_Eldorado_Li_Battery_8hr_40_Generic,2035,-1.0
Generic_SCE_East_Pisgah_500_offpeak,Southern_NV_Eldorado_Li_Battery_8hr_42_Generic,2035,-1.0
Generic_SCE_East_Pisgah_500_offpeak,Southern_NV_Eldorado_Solar_15_Generic,2035,0.77
Generic_SCE_East_Pisgah_500_offpeak,Southern_NV_Eldorado_Solar_16_Generic,2035,0.77
Generic_SCE_East_Pisgah_500_offpeak,Southern_NV_Eldorado_Solar_19_Generic,2035,0.77
Generic_SCE_East_Pisgah_500_offpeak,Southern_NV_Eldorado_Solar_2_Generic,2035,0.77
Generic_SCE_East_Pisgah_500_offpeak,Southern_NV_Eldorado_Solar_40_Generic,2035,0.77
Generic_SCE_East_Pisgah_500_offpeak,Southern_NV_Eldorado_Solar_42_Generic,2035,0.77
Generic_SCE_East_Pisgah_500_offpeak,Southern_NV_Eldorado_Wind_15_Generic,2035,0.44
Generic_SCE_East_Pisgah_500_offpeak,Southern_NV_Eldorado_Wind_16_Generic,2035,0.44
Generic_SCE_East_Pisgah_500_offpeak,Southern_NV_Eldorado_Wind_2_Generic,2035,0.44
Generic_SCE_East_Pisgah_500_offpeak,Tehachapi_Flow_Battery_101_Generic,2035,-1.0
Generic_SCE_East_Pisgah_500_offpeak,Tehachapi_Flow_Battery_28_Generic,2035,-1.0
Generic_SCE_East_Pisgah_500_offpeak,Tehachapi_Flow_Battery_78_Generic,2035,-1.0
Generic_SCE_East_Pisgah_500_offpeak,Tehachapi_Li_Battery_4hr_101_Generic,2035,-1.0
Generic_SCE_East_Pisgah_500_offpeak,Tehachapi_Li_Battery_4hr_28_Generic,2035,-1.0
Generic_SCE_East_Pisgah_500_offpeak,Tehachapi_Li_Battery_4hr_78_Generic,2035,-1.0
Generic_SCE_East_Pisgah_500_offpeak,Tehachapi_Li_Battery_8hr_101_Generic,2035,-1.0
Generic_SCE_East_Pisgah_500_offpeak,Tehachapi_Li_Battery_8hr_28_Generic,2035,-1.0
Generic_SCE_East_Pisgah_500_offpeak,Tehachapi_Li_Battery_8hr_78_Generic,2035,-1.0
Generic_SCE_East_Pisgah_500_offpeak,Tehachapi_Solar_101_Generic,2035,0.77
Generic_SCE_East_Pisgah_500_offpeak,Tehachapi_Solar_28_Generic,2035,0.77
Generic_SCE_East_Pisgah_500_offpeak,Tehachapi_Solar_78_Generic,2035,0.77
Generic_SCE_East_Pisgah_500_offpeak,Utah_Geothermal_19_Generic,2035,1.0
Generic_SCE_East_Pisgah_500_offpeak,Utah_Wind_19_Generic,2035,0.67
Generic_SCE_East_Pisgah_500_offpeak,Wyoming_Wind_19_Generic,2035,0.67
Generic_SCE_East_Pisgah_500_offpeak,Generic_SCE_East_Pisgah_500_group,2035,-1.0
Generic_SCE_East_Pisgah_500_SSN,Generic_SCE_East_Pisgah_500_group,2035,-1.0
Generic_SCE_Eastern_500_HSN,Generic_SCE_Eastern_500_group,2035,-1.0
Generic_SCE_Eastern_500_offpeak,Arizona_Flow_Battery_48_Generic,2035,-1.0
Generic_SCE_Eastern_500_offpeak,Arizona_Flow_Battery_55_Generic,2035,-1.0
Generic_SCE_Eastern_500_offpeak,Arizona_Flow_Battery_62_Generic,2035,-1.0
Generic_SCE_Eastern_500_offpeak,Arizona_Flow_Battery_77_Generic,2035,-1.0
Generic_SCE_Eastern_500_offpeak,Arizona_Flow_Battery_90_Generic,2035,-1.0
Generic_SCE_Eastern_500_offpeak,Arizona_Li_Battery_4hr_48_Generic,2035,-1.0
Generic_SCE_Eastern_500_offpeak,Arizona_Li_Battery_4hr_55_Generic,2035,-1.0
Generic_SCE_Eastern_500_offpeak,Arizona_Li_Battery_4hr_62_Generic,2035,-1.0
Generic_SCE_Eastern_500_offpeak,Arizona_Li_Battery_4hr_77_Generic,2035,-1.0
Generic_SCE_Eastern_500_offpeak,Arizona_Li_Battery_4hr_90_Generic,2035,-1.0
Generic_SCE_Eastern_500_offpeak,Arizona_Li_Battery_8hr_48_Generic,2035,-1.0
Generic_SCE_Eastern_500_offpeak,Arizona_Li_Battery_8hr_55_Generic,2035,-1.0
Generic_SCE_Eastern_500_offpeak,Arizona_Li_Battery_8hr_62_Generic,2035,-1.0
Generic_SCE_Eastern_500_offpeak,Arizona_Li_Battery_8hr_77_Generic,2035,-1.0
Generic_SCE_Eastern_500_offpeak,Arizona_Li_Battery_8hr_90_Generic,2035,-1.0
Generic_SCE_Eastern_500_offpeak,Arizona_Solar_48_Generic,2035,0.68
Generic_SCE_Eastern_500_offpeak,Arizona_Solar_55_Generic,2035,0.68
Generic_SCE_Eastern_500_offpeak,Arizona_Solar_62_Generic,2035,0.68
Generic_SCE_Eastern_500_offpeak,Arizona_Solar_77_Generic,2035,0.68
Generic_SCE_Eastern_500_offpeak,Arizona_Solar_90_Generic,2035,0.68
Generic_SCE_Eastern_500_offpeak,Baja_California_Wind_133_Generic,2035,0.69
Generic_SCE_Eastern_500_offpeak,Greater_Imperial_Biomass_20_Generic,2035,1.0
Generic_SCE_Eastern_500_offpeak,Greater_Imperial_Flow_Battery_107_Generic,2035,-1.0
Generic_SCE_Eastern_500_offpeak,Greater_Imperial_Flow_Battery_108_Generic,2035,-1.0
Generic_SCE_Eastern_500_offpeak,Greater_Imperial_Flow_Battery_133_Generic,2035,-1.0
Generic_SCE_Eastern_500_offpeak,Greater_Imperial_Flow_Battery_20_Generic,2035,-1.0
Generic_SCE_Eastern_500_offpeak,Greater_Imperial_Flow_Battery_63_Generic,2035,-1.0
Generic_SCE_Eastern_500_offpeak,Greater_Imperial_Geothermal_20_Generic,2035,1.0
Generic_SCE_Eastern_500_offpeak,Greater_Imperial_Geothermal_63_Generic,2035,1.0
Generic_SCE_Eastern_500_offpeak,Greater_Imperial_Li_Battery_4hr_107_Generic,2035,-1.0
Generic_SCE_Eastern_500_offpeak,Greater_Imperial_Li_Battery_4hr_108_Generic,2035,-1.0
Generic_SCE_Eastern_500_offpeak,Greater_Imperial_Li_Battery_4hr_133_Generic,2035,-1.0
Generic_SCE_Eastern_500_offpeak,Greater_Imperial_Li_Battery_4hr_20_Generic,2035,-1.0
Generic_SCE_Eastern_500_offpeak,Greater_Imperial_Li_Battery_4hr_63_Generic,2035,-1.0
Generic_SCE_Eastern_500_offpeak,Greater_Imperial_Li_Battery_8hr_107_Generic,2035,-1.0
Generic_SCE_Eastern_500_offpeak,Greater_Imperial_Li_Battery_8hr_108_Generic,2035,-1.0
Generic_SCE_Eastern_500_offpeak,Greater_Imperial_Li_Battery_8hr_133_Generic,2035,-1.0
Generic_SCE_Eastern_500_offpeak,Greater_Imperial_Li_Battery_8hr_20_Generic,2035,-1.0
Generic_SCE_Eastern_500_offpeak,Greater_Imperial_Li_Battery_8hr_63_Generic,2035,-1.0
Generic_SCE_Eastern_500_offpeak,Greater_Imperial_Solar_107_Generic,2035,0.68
Generic_SCE_Eastern_500_offpeak,Greater_Imperial_Solar_108_Generic,2035,0.68
Generic_SCE_Eastern_500_offpeak,Greater_Imperial_Solar_133_Generic,2035,0.68
Generic_SCE_Eastern_500_offpeak,Greater_Imperial_Solar_20_Generic,2035,0.68
Generic_SCE_Eastern_500_offpeak,Greater_Imperial_Solar_63_Generic,2035,0.68
Generic_SCE_Eastern_500_offpeak,Greater_Imperial_Wind_108_Generic,2035,0.64
Generic_SCE_Eastern_500_offpeak,Idaho_Wind_19_Generic,2035,0.67
Generic_SCE_Eastern_500_offpeak,Inyokern_North_Kramer_Geothermal_9_Generic,2035,1.0
Generic_SCE_Eastern_500_offpeak,New_Mexico_Wind_55_Generic,2035,0.67
Generic_SCE_Eastern_500_offpeak,Northern_Nevada_Geothermal_19_Generic,2035,1.0
Generic_SCE_Eastern_500_offpeak,Riverside_East_Pumped_Storage_59_Generic,2035,-1.0
Generic_SCE_Eastern_500_offpeak,Riverside_Flow_Battery_129_Generic,2035,-1.0
Generic_SCE_Eastern_500_offpeak,Riverside_Flow_Battery_59_Generic,2035,-1.0
Generic_SCE_Eastern_500_offpeak,Riverside_Flow_Battery_60_Generic,2035,-1.0
Generic_SCE_Eastern_500_offpeak,Riverside_Flow_Battery_9_Generic,2035,-1.0
Generic_SCE_Eastern_500_offpeak,Riverside_Li_Battery_4hr_129_Generic,2035,-1.0
Generic_SCE_Eastern_500_offpeak,Riverside_Li_Battery_4hr_59_Generic,2035,-1.0
Generic_SCE_Eastern_500_offpeak,Riverside_Li_Battery_4hr_60_Generic,2035,-1.0
Generic_SCE_Eastern_500_offpeak,Riverside_Li_Battery_4hr_9_Generic,2035,-1.0
Generic_SCE_Eastern_500_offpeak,Riverside_Li_Battery_8hr_129_Generic,2035,-1.0
Generic_SCE_Eastern_500_offpeak,Riverside_Li_Battery_8hr_59_Generic,2035,-1.0
Generic_SCE_Eastern_500_offpeak,Riverside_Li_Battery_8hr_60_Generic,2035,-1.0
Generic_SCE_Eastern_500_offpeak,Riverside_Li_Battery_8hr_9_Generic,2035,-1.0
Generic_SCE_Eastern_500_offpeak,Riverside_Solar_129_Generic,2035,0.68
Generic_SCE_Eastern_500_offpeak,Riverside_Solar_59_Generic,2035,0.68
Generic_SCE_Eastern_500_offpeak,Riverside_Solar_60_Generic,2035,0.68
Generic_SCE_Eastern_500_offpeak,Riverside_Solar_9_Generic,2035,0.68
Generic_SCE_Eastern_500_offpeak,Riverside_West_Pumped_Storage_9_Generic,2035,-1.0
Generic_SCE_Eastern_500_offpeak,San_Diego_Pumped_Storage_119_Generic,2035,-1.0
Generic_SCE_Eastern_500_offpeak,Southern_NV_Eldorado_Flow_Battery_19_Generic,2035,-1.0
Generic_SCE_Eastern_500_offpeak,Southern_NV_Eldorado_Flow_Battery_40_Generic,2035,-1.0
Generic_SCE_Eastern_500_offpeak,Southern_NV_Eldorado_Li_Battery_4hr_19_Generic,2035,-1.0
Generic_SCE_Eastern_500_offpeak,Southern_NV_Eldorado_Li_Battery_4hr_40_Generic,2035,-1.0
Generic_SCE_Eastern_500_offpeak,Southern_NV_Eldorado_Li_Battery_8hr_19_Generic,2035,-1.0
Generic_SCE_Eastern_500_offpeak,Southern_NV_Eldorado_Li_Battery_8hr_40_Generic,2035,-1.0
Generic_SCE_Eastern_500_offpeak,Southern_NV_Eldorado_Solar_19_Generic,2035,0.68
Generic_SCE_Eastern_500_offpeak,Southern_NV_Eldorado_Solar_40_Generic,2035,0.68
Generic_SCE_Eastern_500_offpeak,Utah_Geothermal_19_Generic,2035,1.0
Generic_SCE_Eastern_500_offpeak,Utah_Wind_19_Generic,2035,0.67
Generic_SCE_Eastern_500_offpeak,Wyoming_Wind_19_Generic,2035,0.67
Generic_SCE_Eastern_500_offpeak,Generic_SCE_Eastern_500_group,2035,-1.0
Generic_SCE_Eastern_500_SSN,Generic_SCE_Eastern_500_group,2035,-1.0
Generic_SCE_Metro_500_HSN,Generic_SCE_Metro_500_group,2035,-1.0
Generic_SCE_Metro_500_offpeak,Greater_LA_Flow_Battery_30_Generic,2035,-1.0
Generic_SCE_Metro_500_offpeak,Greater_LA_Flow_Battery_4_Generic,2035,-1.0
Generic_SCE_Metro_500_offpeak,Greater_LA_Li_Battery_4hr_30_Generic,2035,-1.0
Generic_SCE_Metro_500_offpeak,Greater_LA_Li_Battery_4hr_4_Generic,2035,-1.0
Generic_SCE_Metro_500_offpeak,Greater_LA_Li_Battery_8hr_30_Generic,2035,-1.0
Generic_SCE_Metro_500_offpeak,Greater_LA_Li_Battery_8hr_4_Generic,2035,-1.0
Generic_SCE_Metro_500_offpeak,Greater_LA_Solar_30_Generic,2035,0.77
Generic_SCE_Metro_500_offpeak,Greater_LA_Solar_4_Generic,2035,0.77
Generic_SCE_Metro_500_offpeak,Generic_SCE_Metro_500_group,2035,-1.0
Generic_SCE_Metro_500_SSN,Generic_SCE_Metro_500_group,2035,-1.0
Generic_SCE_North_Lugo_500_HSN,Generic_SCE_North_Lugo_500_group,2035,-1.0
Generic_SCE_North_Lugo_500_offpeak,Greater_Kramer_Flow_Battery_103_Generic,2035,-1.0
Generic_SCE_North_Lugo_500_offpeak,Greater_Kramer_Flow_Battery_123_Generic,2035,-1.0
Generic_SCE_North_Lugo_500_offpeak,Greater_Kramer_Flow_Battery_156_Generic,2035,-1.0
Generic_SCE_North_Lugo_500_offpeak,Greater_Kramer_Flow_Battery_86_Generic,2035,-1.0
Generic_SCE_North_Lugo_500_offpeak,Greater_Kramer_Li_Battery_4hr_103_Generic,2035,-1.0
Generic_SCE_North_Lugo_500_offpeak,Greater_Kramer_Li_Battery_4hr_123_Generic,2035,-1.0
Generic_SCE_North_Lugo_500_offpeak,Greater_Kramer_Li_Battery_4hr_156_Generic,2035,-1.0
Generic_SCE_North_Lugo_500_offpeak,Greater_Kramer_Li_Battery_4hr_86_Generic,2035,-1.0
Generic_SCE_North_Lugo_500_offpeak,Greater_Kramer_Li_Battery_8hr_103_Generic,2035,-1.0
Generic_SCE_North_Lugo_500_offpeak,Greater_Kramer_Li_Battery_8hr_123_Generic,2035,-1.0
Generic_SCE_North_Lugo_500_offpeak,Greater_Kramer_Li_Battery_8hr_156_Generic,2035,-1.0
Generic_SCE_North_Lugo_500_offpeak,Greater_Kramer_Li_Battery_8hr_86_Generic,2035,-1.0
Generic_SCE_North_Lugo_500_offpeak,Greater_Kramer_Solar_103_Generic,2035,0.77
Generic_SCE_North_Lugo_500_offpeak,Greater_Kramer_Solar_123_Generic,2035,0.77
Generic_SCE_North_Lugo_500_offpeak,Greater_Kramer_Solar_156_Generic,2035,0.77
Generic_SCE_North_Lugo_500_offpeak,Greater_Kramer_Solar_86_Generic,2035,0.77
Generic_SCE_North_Lugo_500_offpeak,Inyokern_North_Kramer_Geothermal_156_Generic,2035,1.0
Generic_SCE_North_Lugo_500_offpeak,Generic_SCE_North_Lugo_500_group,2035,-1.0
Generic_SCE_North_Lugo_500_SSN,Generic_SCE_North_Lugo_500_group,2035,-1.0
Generic_SCE_Northern_500_HSN,Generic_SCE_Northern_500_group,2035,-1.0
Generic_SCE_Northern_500_offpeak,Greater_LA_Flow_Battery_18_Generic,2035,-1.0
Generic_SCE_Northern_500_offpeak,Greater_LA_Flow_Battery_58_Generic,2035,-1.0
Generic_SCE_Northern_500_offpeak,Greater_LA_Li_Battery_4hr_18_Generic,2035,-1.0
Generic_SCE_Northern_500_offpeak,Greater_LA_Li_Battery_4hr_58_Generic,2035,-1.0
Generic_SCE_Northern_500_offpeak,Greater_LA_Li_Battery_8hr_18_Generic,2035,-1.0
Generic_SCE_Northern_500_offpeak,Greater_LA_Li_Battery_8hr_58_Generic,2035,-1.0
Generic_SCE_Northern_500_offpeak,Greater_LA_Solar_18_Generic,2035,0.77
Generic_SCE_Northern_500_offpeak,Greater_LA_Solar_58_Generic,2035,0.77
Generic_SCE_Northern_500_offpeak,Tehachapi_Adiabatic_CAES_13_Generic,2035,-1.0
Generic_SCE_Northern_500_offpeak,Tehachapi_Flow_Battery_101_Generic,2035,-1.0
Generic_SCE_Northern_500_offpeak,Tehachapi_Flow_Battery_13_Generic,2035,-1.0
Generic_SCE_Northern_500_offpeak,Tehachapi_Flow_Battery_28_Generic,2035,-1.0
Generic_SCE_Northern_500_offpeak,Tehachapi_Flow_Battery_32_Generic,2035,-1.0
Generic_SCE_Northern_500_offpeak,Tehachapi_Flow_Battery_66_Generic,2035,-1.0
Generic_SCE_Northern_500_offpeak,Tehachapi_Flow_Battery_78_Generic,2035,-1.0
Generic_SCE_Northern_500_offpeak,Tehachapi_Li_Battery_4hr_101_Generic,2035,-1.0
Generic_SCE_Northern_500_offpeak,Tehachapi_Li_Battery_4hr_13_Generic,2035,-1.0
Generic_SCE_Northern_500_offpeak,Tehachapi_Li_Battery_4hr_28_Generic,2035,-1.0
Generic_SCE_Northern_500_offpeak,Tehachapi_Li_Battery_4hr_32_Generic,2035,-1.0
Generic_SCE_Northern_500_offpeak,Tehachapi_Li_Battery_4hr_66_Generic,2035,-1.0
Generic_SCE_Northern_500_offpeak,Tehachapi_Li_Battery_4hr_78_Generic,2035,-1.0
Generic_SCE_Northern_500_offpeak,Tehachapi_Li_Battery_8hr_101_Generic,2035,-1.0
Generic_SCE_Northern_500_offpeak,Tehachapi_Li_Battery_8hr_13_Generic,2035,-1.0
Generic_SCE_Northern_500_offpeak,Tehachapi_Li_Battery_8hr_28_Generic,2035,-1.0
Generic_SCE_Northern_500_offpeak,Tehachapi_Li_Battery_8hr_32_Generic,2035,-1.0
Generic_SCE_Northern_500_offpeak,Tehachapi_Li_Battery_8hr_66_Generic,2035,-1.0
Generic_SCE_Northern_500_offpeak,Tehachapi_Li_Battery_8hr_78_Generic,2035,-1.0
Generic_SCE_Northern_500_offpeak,Tehachapi_Pumped_Storage_32_Generic,2035,-1.0
Generic_SCE_Northern_500_offpeak,Tehachapi_Solar_101_Generic,2035,0.77
Generic_SCE_Northern_500_offpeak,Tehachapi_Solar_13_Generic,2035,0.77
Generic_SCE_Northern_500_offpeak,Tehachapi_Solar_28_Generic,2035,0.77
Generic_SCE_Northern_500_offpeak,Tehachapi_Solar_32_Generic,2035,0.77
Generic_SCE_Northern_500_offpeak,Tehachapi_Solar_66_Generic,2035,0.77
Generic_SCE_Northern_500_offpeak,Tehachapi_Solar_78_Generic,2035,0.77
Generic_SCE_Northern_500_offpeak,Tehachapi_Wind_13_Generic,2035,0.44
Generic_SCE_Northern_500_offpeak,Tehachapi_Wind_18_Generic,2035,0.44
Generic_SCE_Northern_500_offpeak,Tehachapi_Wind_32_Generic,2035,0.44
Generic_SCE_Northern_500_offpeak,Generic_SCE_Northern_500_group,2035,-1.0
Generic_SCE_Northern_500_SSN,Generic_SCE_Northern_500_group,2035,-1.0
